Model,MAE,R2 Score
Random Forest,28928.553225770367,0.521458393730111
Linear Regression,29684.401120092352,0.5103496468204081
